WorkerId,HITId,prompt_1,prompt_2,prompt_3,prompt_4,prompt_5,prompt_6,prompt_7,prompt_8,prompt_9,prompt_10
APF1EAZT104LQ,35NNO802AVUSOFEIXC32EUQ8LQ0NII,"(0.2865047968601901, 0.8408964152537145, 0.5637006060569523, 0.3920140727990458, 2)","(0.3897446783710725, 0.7788007830714049, 0.5842727307212388, 0.27510420989562845, 2)","(0.08848885323457842, 0.13512001548070346, 0.11180443435764094, 0.03297321103884514, 2)","(0.1495348781221221, 0.1495348781221221, 0.1495348781221221, 0.0, 2)","(0.7226568811456053, 1.0, 0.8613284405728027, 0.1961112000573691, 2)","(0.7165313105737893, 1.0, 0.8582656552868946, 0.20044263254733696, 2)","(0.4168620196785084, 0.6892146754069327, 0.5530383475427205, 0.19258240973973403, 2)","(0.5562833249555186, 0.6042750794713536, 0.5802792022134361, 0.03393529505918707, 2)","(0.5231223689135341, 0.7016879391277371, 0.6124051540206357, 0.12626492558490549, 2)","(0.10573712634405641, 0.1880301546543197, 0.14688364049918806, 0.058189958362563694, 2)"
API7K4R8MF7VD,35NNO802AVUSOFEIXC32EUQ8LQ0NII,"(0.22710294619697544, 0.40209208440145217, 0.3145975152992138, 0.12373600625837544, 2)","(0.206928472563816, 0.5717644376692909, 0.3893464551165534, 0.2579779849468199, 2)","(0.05744990696182412, 0.0632708767532676, 0.06036039185754587, 0.00411604721261173, 2)","(0.041819388342048396, 0.18219633533937166, 0.11200786184071003, 0.09926149114407185, 2)","(0.03551851328486764, 0.06070639685254386, 0.04811245506870575, 0.017810523274441065, 2)","(0.27230882942629814, 0.38275853308890023, 0.3275336812575992, 0.07809973443987059, 2)","(0.24815628265423423, 0.41957161290043865, 0.3338639477773364, 0.12120894241642265, 2)","(0.0744231242969307, 0.2958422520410873, 0.185132688169009, 0.15656696671230355, 2)","(0.2546177625713488, 0.7416794460498953, 0.4981486043106221, 0.34440461924381605, 2)","(0.30869399812493076, 0.3909174093325437, 0.3498057037287372, 0.05814073163719309, 2)"
A1T2RXUZCV7JB9,35NNO802AVUSOFEIXC32EUQ8LQ0NII,"(0.31850824119516385, 0.44595853487580656, 0.38223338803548523, 0.09012096692579943, 2)","(0.2544174374445816, 1.0, 0.3976353643835253, 0.30405557519792703, 5)","(0.1833341725325537, 0.49582717346593747, 0.40940394617222975, 0.138689968180481, 5)","(0.1522726002536517, 0.24410332489112258, 0.2149470627775945, 0.0469237996837086, 3)","(0.10855926040543844, 0.2841185153608977, 0.19633888788316808, 0.12413913967906326, 2)","(0.3620851534930826, 0.47017872281588724, 0.4161319381544849, 0.0764336958708133, 2)","(0.30620490882364887, 0.533131325953753, 0.4196681173887009, 0.16046120838306374, 2)","(0.16161190504155135, 0.20362509433591355, 0.18261849968873245, 0.02970781104931758, 2)","(0.3954372034954288, 0.6313560400676099, 0.5133966217815193, 0.16681980914983013, 2)","(0.44443879959441634, 0.4753325436432835, 0.4598856716188499, 0.021845175913195496, 2)"
A2QBZSOSDTUM8E,3LCXHSGDLT4DON419PUXS92MGW1SEQ,"(0.37689906253041283, 0.48647815608835254, 0.4316886093093827, 0.07748412013109429, 2)","(0.42649937722961534, 0.5317279997267224, 0.4641867442524907, 0.05331544775639765, 3)","(0.2558058053378779, 0.5095280914895349, 0.28064520560437456, 0.1398686108143055, 3)","(0.05057398487423379, 0.3020683385432192, 0.1763211617087265, 0.17783336290946744, 2)","(0.3504780091673466, 0.4427127416405175, 0.3965953754039321, 0.06521980479270618, 2)","(0.16510194131340575, 0.837141557683923, 0.31563591507413596, 0.3526721467362842, 3)","(0.3576113329235395, 0.6463449222476637, 0.5019781275856017, 0.20416547896741993, 2)","(0.32041649669815536, 0.407383530445469, 0.3639000135718122, 0.06149497930240479, 2)","(0.3352651657543367, 0.8949324524211223, 0.6150988090877295, 0.39574453361035955, 2)","(0.23351495323553043, 0.32263864160302524, 0.2780767974192778, 0.06301996440901221, 2)"
A32V4AOAMSDK2I,3LCXHSGDLT4DON419PUXS92MGW1SEQ,"(0.07610462252028802, 0.29522124237959635, 0.1856629324499422, 0.15493884777319183, 2)","(0, 0.5749331319336042, 0.24379546024341822, 0.2885701792870845, 3)","(0.1499873608593657, 0.3207873972952881, 0.2353873790773269, 0.12077386399075012, 2)","(0.22046654564676035, 0.9839948356327152, 0.6022306906397378, 0.5398960314768373, 2)","(0.3563774714212461, 0.6172776828675018, 0.48682757714437397, 0.18448430872665153, 2)","(0.40030990230485936, 0.46353778178588506, 0.4319238420453722, 0.04470886234107904, 2)","(0.5198857940054409, 0.7461573901626148, 0.6330215920840279, 0.15999818003264166, 2)","(0.31239399369202553, 0.7145822491521745, 0.5134881214221, 0.28439004274945884, 2)","(0.24493309874295613, 0.2865047968601901, 0.2657189478015731, 0.029395629644136164, 2)","(0.10621255679580059, 0.1436324609411157, 0.12492250886845815, 0.026459867972502913, 2)"
APF1EAZT104LQ,3LCXHSGDLT4DON419PUXS92MGW1SEQ,"(0.2443019487607239, 0.8307018474412792, 0.5375018981010016, 0.414647344844125, 2)","(0.17095746935849984, 0.6175637907926896, 0.39426063007559475, 0.3157983584068946, 2)","(0.08872444253557525, 0.510029457493824, 0.2993769500146996, 0.2979076330248775, 2)","(0.6904426766124301, 0.9590965597935381, 0.8247696182029841, 0.18996698258946007, 2)","(0.12201992242919257, 0.3719447442473343, 0.24698233333826344, 0.17672353629444762, 2)","(0.3179799858803938, 0.44359435183239226, 0.380787168856393, 0.0888227699791067, 2)","(0.28777451759634026, 0.4992217875249571, 0.3934981525606487, 0.1495157984299073, 2)","(0.32654294136911965, 0.6350559875914853, 0.4807994644803025, 0.2181516670683535, 2)","(0.6913086465463161, 0.9146912192286945, 0.8029999328875053, 0.15795533194260658, 2)","(0.1944130841813964, 0.6175637907926896, 0.40598843748704305, 0.2992127341087247, 2)"
ALAEBEEHK525U,3Y7LTZE0YTKREVN1UH3ASKLSPZVUZE,"(0.37507598223414523, 0.5100323429521268, 0.44255416259313607, 0.0954285578279426, 2)","(0.6407117598241614, 0.8185086989520334, 0.7296102293880974, 0.12572142133153008, 2)","(0.27986603640975516, 0.4975307887399217, 0.3886984125748384, 0.1539122223979511, 2)","(0.5578717886362675, 0.6064265271883926, 0.5821491579123301, 0.034333384888947556, 2)","(0.31199123791299316, 0.5811117076371678, 0.44655147277508045, 0.19029690909807284, 2)","(0.4238684357424729, 0.5244170130469203, 0.4741427243946966, 0.07109858085063457, 2)","(0.22110178939494227, 0.41186293928035156, 0.3164823643376469, 0.13488850267091632, 2)","(0.3252937632000026, 0.5717839436314244, 0.4485388534157135, 0.174294878078954, 2)","(0.5085570764977476, 0.572616438025414, 0.5405867572615808, 0.0452968089346935, 2)","(0.42176541132491746, 0.7415853963914546, 0.5816754038581861, 0.22614688019952878, 2)"
A2YY9CKRJLL113,3Y7LTZE0YTKREVN1UH3ASKLSPZVUZE,"(0.3287419039455084, 0.35433453700545325, 0.3415382204754808, 0.018096724385106032, 2)","(0.5652855529491947, 0.5777083538604846, 0.5714969534048396, 0.008784246765703501, 2)","(0.21763007183473534, 0.49279197154651677, 0.35521102169062607, 0.19456884521037338, 2)","(0.6412824133653947, 0.6760948416145409, 0.6586886274899678, 0.024616104084541415, 2)","(0.1396392347355418, 0.20566771159631572, 0.17265347316592877, 0.046689183739672284, 2)","(0.3058591412499481, 0.3845138088845546, 0.34518647506725136, 0.05561724885640431, 2)","(0.04859223278648545, 0.4444100677327675, 0.24650115025962646, 0.27988547520509366, 2)","(0.3695705268335942, 0.5066462870737679, 0.43810840695368103, 0.09692719960212816, 2)","(0.2840933451965399, 0.40668827442526456, 0.3453908098109022, 0.0866877057967161, 2)","(0.19940128816652244, 0.6484729242853398, 0.4239371062259311, 0.31754159913815344, 2)"
A32V4AOAMSDK2I,3Y7LTZE0YTKREVN1UH3ASKLSPZVUZE,"(0.19222996094087996, 0.30559457110983373, 0.24891226602535685, 0.08016088459703666, 2)","(0.8065200983766951, 0.8931539818068694, 0.8498370400917823, 0.06125940645400113, 2)","(0.3910168249977073, 0.4187858959636777, 0.4049013604806925, 0.019635698387288156, 2)","(0.6867148544879181, 0.7327515569217301, 0.7097332057048241, 0.03255286447441568, 2)","(0.07321432418079293, 0.47725545399809716, 0.27523488908944505, 0.28570022277209, 2)","(0.24452946438904896, 0.3775214493947719, 0.3110254568919104, 0.09403953444100634, 2)","(0.5321686482214723, 0.860789505997226, 0.6964790771093492, 0.2323700369725755, 2)","(0.30277029197532096, 0.5437427682227519, 0.4232565300990364, 0.17039327203387267, 2)","(0.04836732182673403, 0.5181335948243558, 0.28325045832554496, 0.33217491720934933, 2)","(0.5125187650549453, 0.808024002452302, 0.6602713837536236, 0.20895375723981147, 2)"
ASI6KXF2GAUTQ,3OYHVNTV5TW1CV4IYUOR6Z5Q34UKO5,"(0.4996459946970383, 0.5639503296872997, 0.5352196318501131, 0.03221279289622398, 3)","(0.4968256443617784, 0.5095548417869415, 0.50319024307436, 0.009000901818395204, 2)","(0.3796777444953743, 0.42530437000536625, 0.40249105725037027, 0.03226289630077444, 2)","(0.7579212549754959, 0.8213345182637253, 0.7896278866196106, 0.04483994848827494, 2)","(0.2733168039921643, 0.320496010167845, 0.29690640708000465, 0.03336073661782208, 2)","(0.2696329047785195, 0.6905121871029426, 0.4933450399093309, 0.2105791116687405, 3)","(0.5894751765193604, 0.6070908003717135, 0.598282988445537, 0.012456127080830333, 2)","(0.07875251351368047, 0.24830721406672304, 0.16352986379020176, 0.11989327854311087, 2)","(0.26938727429070874, 0.382763868242448, 0.3260755712665784, 0.08016935841110855, 2)","(0.3570076048994532, 0.7845935325065408, 0.6354334959097302, 0.21702512096914883, 3)"
A2YY9CKRJLL113,3OYHVNTV5TW1CV4IYUOR6Z5Q34UKO5,"(0.4439676719371132, 0.7795149903947967, 0.611741331165955, 0.23726778429038997, 2)","(0.31339031135571827, 0.4071651068934917, 0.360277709124605, 0.06630879382914161, 2)","(0.37684787447900675, 0.4566337854967312, 0.416740829987869, 0.056417158723779455, 2)","(0.1434341983458405, 0.6590264380720993, 0.40123031820896987, 0.3645787690375976, 2)","(0.30209811317712276, 0.3112425034266634, 0.30667030830189307, 0.006466060355266313, 2)","(0.15364466883344507, 0.44327685815183815, 0.2984607634926416, 0.20480088511694167, 2)","(0.38669368628582257, 0.7506238537503395, 0.568658770018081, 0.2573374892925157, 2)","(0.1106949848392191, 0.16195570128532405, 0.13632534306227156, 0.03624680020752159, 2)","(0.3920450633761919, 0.4987798023307295, 0.44541243285346066, 0.0754728577029295, 2)","(0.4110433074789492, 0.6892146754069327, 0.5501289914429409, 0.19669686059381525, 2)"
APF1EAZT104LQ,3OYHVNTV5TW1CV4IYUOR6Z5Q34UKO5,"(0.5983790078367693, 0.7408182206817179, 0.6695986142592436, 0.1007197333095371, 2)","(0.09630141125179909, 0.6355653131400284, 0.36593336219591377, 0.381317161874284, 2)","(0.5757575636202255, 0.5808887714840403, 0.5783231675521329, 0.0036283118761812005, 2)","(0.5580351457700471, 0.9249785207738594, 0.7415068332719532, 0.259468148776674, 2)","(0.11229777908112604, 0.1805263010472254, 0.1464120400641757, 0.04824485055256417, 2)","(0.6004981752197522, 0.7964989497678637, 0.698498562493808, 0.13859347680078532, 2)","(0.07071067811865477, 0.13512001548070346, 0.10291534679967912, 0.04554427922043668, 2)","(0.4500531895417844, 0.6882751165753284, 0.5691641530585564, 0.16844834003274584, 2)","(0.7032775939580457, 0.9105801434189359, 0.8069288686884908, 0.14658503848105514, 2)","(0.6951439283988788, 0.7998811869844142, 0.7475125576916466, 0.07406042578872102, 2)"
APF1EAZT104LQ,3SBX2M1TKDLJJ5SVSFTFONBULJN4Q8,"(0.1944130841813964, 0.21506254256566312, 0.20473781337352975, 0.0146013720513444, 2)","(0.342347495586902, 0.7074547256010839, 0.5249011105939929, 0.2581697982032646, 2)","(0.18575057999133598, 0.20205155046766235, 0.19390106522949918, 0.011526526763732078, 2)","(0.44932896411722156, 0.7730551756939454, 0.6111920699055835, 0.22890899945373247, 2)","(0.38753858253732953, 0.6371804857892112, 0.5123595341632703, 0.17652348265772153, 2)","(0.11362193664674995, 0.19180183554164504, 0.1527118860941975, 0.055281536661058985, 2)","(0.316227766016838, 0.7579461971455846, 0.5370869815812114, 0.3123420980262197, 2)","(0.2865047968601901, 0.5574689950645962, 0.42198689596239314, 0.1916006220091113, 2)","(0.03889851495052567, 0.8408964152537145, 0.4398974651021201, 0.5670981538017575, 2)","(0.44932896411722156, 0.5969491792019646, 0.5231390716595931, 0.10438325512663844, 2)"
A3IDG9C18BCATK,3SBX2M1TKDLJJ5SVSFTFONBULJN4Q8,"(0.15026417037929501, 0.3033294269365358, 0.1926177825899479, 0.07903571916771733, 3)","(0.2750306373368487, 0.5605563711736212, 0.4503183167198215, 0.143992559921369, 3)","(0.10839029606398054, 0.353003111274967, 0.29615165360116247, 0.12801161730437205, 3)","(0.49684137124218175, 0.6517029007318491, 0.6004176964958989, 0.07888844512185762, 3)","(0.4089742418731246, 0.6752988063910875, 0.5311939742859343, 0.1333120645283063, 3)","(0.022464515005752316, 0.5545278579522714, 0.49806587042587613, 0.292254457114662, 3)","(0.0548507609904441, 0.6324555320336759, 0.539138777874216, 0.31007261822460713, 3)","(0.11049242396268807, 0.8351146294620021, 0.39920397615494657, 0.36479441670127416, 3)","(0.30324923408698096, 0.6525787570376769, 0.4582737658847102, 0.17503244968244241, 3)","(0.4832643859911088, 0.5518474483642343, 0.5463340724169585, 0.0381047221585178, 3)"
A2YY9CKRJLL113,3SBX2M1TKDLJJ5SVSFTFONBULJN4Q8,"(0.141777136045218, 0.39388950604841483, 0.2678333210468164, 0.17827036645027242, 2)","(0.3171937295743679, 0.3955321801065699, 0.35636295484046887, 0.0553936495989669, 2)","(0.0842816865856957, 0.3893836266662746, 0.23683265662598513, 0.21573965078414903, 2)","(0.388074202646723, 0.3974817461379407, 0.39277797439233186, 0.006652137796947401, 2)","(0.16307296115151848, 0.21636156946405455, 0.18971726530778651, 0.03768073629778808, 2)","(0.26591479484724945, 0.33437015248821106, 0.3001424736677303, 0.04840524759647429, 2)","(0.316227766016838, 0.32774568052975916, 0.3219867232732986, 0.008144395457213509, 2)","(0.13829446068705525, 0.7387945788876367, 0.438544519787346, 0.4246177056829544, 2)","(0.5592819942096786, 0.6529942057256105, 0.6061380999676446, 0.06626454024290351, 2)","(0.223606797749979, 0.36147807745193333, 0.29254243760095616, 0.09748971680811912, 2)"
A3IDG9C18BCATK,356ZPKYPUHFEH050H92X47PRBOZPYM,"(0.3136927412140103, 0.9306048591020996, 0.9166068134248216, 0.3522030392046076, 3)","(0.3237722713145643, 1.0, 0.8948393168143697, 0.3638819132601052, 3)","(0.15213646010839674, 1.0, 0.5972065420906982, 0.47762197703608567, 4)","(0.3124512349209402, 0.5411927503805858, 0.450447886151413, 0.1151812969695826, 3)","(0.37618086383995114, 0.8172460049207133, 0.7776427221042196, 0.24402134548963655, 3)","(0.4093916105916506, 1.0, 0.5061895128377988, 0.3167640817049154, 3)","(0.3668692088550202, 0.38479141757301105, 0.3835342929486893, 0.010004257056384917, 3)","(0.23556366957615357, 0.9300886208450815, 0.349709132933181, 0.3724321962292772, 3)","(0.4386913376508308, 0.861173529963367, 0.4488727788508549, 0.24103484323988586, 3)","(0.3361347000433106, 0.4164853211244318, 0.40145310162592596, 0.04271745060370721, 3)"
APF1EAZT104LQ,356ZPKYPUHFEH050H92X47PRBOZPYM,"(0.6190141936965665, 0.8265168183793801, 0.7227655060379733, 0.14672651302722453, 2)","(0, 0.45499414040480374, 0.22749707020240187, 0.32172944208038085, 2)","(1.0, 1.0, 1.0, 0.0, 2)","(0.7102992180127422, 0.7232241912229858, 0.716761704617864, 0.009139336203617674, 2)","(0.12039217537411316, 0.13871978089670037, 0.12955597813540676, 0.012959574147933431, 2)","(0.6296129633243314, 0.6474572691600221, 0.6385351162421767, 0.012617829661983607, 2)","(0.3444187215291248, 0.5491004867761125, 0.4467596041526186, 0.14473186419137798, 2)","(0.8994664168027011, 1.0, 0.9497332084013506, 0.071087978415792, 2)","(0.11088337922065497, 0.7788007830714049, 0.4448420811460299, 0.47228892553537904, 2)","(0.6360188027707555, 1.0, 0.8180094013853778, 0.25737357278519696, 2)"
A3R02JGZB9ORV0,356ZPKYPUHFEH050H92X47PRBOZPYM,"(0.13380161378318955, 0.9036020036098449, 0.7598356856515925, 0.30580573140483763, 5)","(0.11030771122669235, 0.9306048591020996, 0.3857587082298475, 0.32625273577619623, 5)","(0.11362193664674995, 0.45499414040480374, 0.15213646010839674, 0.1427312303906816, 5)","(0.36304644395252694, 0.7074106387536346, 0.582893467360675, 0.138097143622943, 5)","(0.7008641991763211, 0.9426151476815119, 0.7979698682205314, 0.11422014277497201, 5)","(0.5798442808829941, 1.0, 0.768430510517511, 0.19052874851261414, 5)","(0.6124460602761084, 0.8028096826991373, 0.6818708198101383, 0.08734935923734319, 5)","(0.09149272309346637, 0.9356643117452578, 0.5777966168512882, 0.32586463291103446, 5)","(0.3189743186285691, 0.7071067811865476, 0.5073659863347826, 0.15803331920526809, 5)","(0.14601394329159476, 0.8048293456573857, 0.5917294248240844, 0.2567649888795654, 5)"
A3R301793RRW5E,371Q3BEXDH7BZIVX5C8ADJ3442AZS3,"(0.5397096523962476, 0.7863431447405107, 0.5821244600878283, 0.13186632538212906, 3)","(0.36046414188437276, 0.5550407398653314, 0.5198707241967665, 0.10368818718356869, 3)","(0.3052252328868173, 0.37731862739491384, 0.3676622566303994, 0.039134564777611555, 3)","(0.31425946437658386, 0.5581360507051768, 0.4361977575408803, 0.17244678796557453, 2)","(0.5696618872288747, 0.5811895596784342, 0.5794249145708429, 0.006209104972271219, 3)","(0.12919925124488807, 0.4168560736728376, 0.40868553714370187, 0.16377107455328832, 3)","(0.4953556619727484, 0.7364676379282094, 0.6159116499504789, 0.17049191322339424, 2)","(0.4377708756402973, 0.8694417438899829, 0.6252851072720573, 0.17708273777756497, 4)","(0.3610623196579814, 0.776828316301435, 0.48659233048113615, 0.21325105511550868, 3)","(0.2851849304157531, 0.43390905481195974, 0.3336354420779802, 0.07585195522471615, 3)"
APF1EAZT104LQ,371Q3BEXDH7BZIVX5C8ADJ3442AZS3,"(0.35930411196308415, 0.5706745777055999, 0.46498934483434207, 0.14946148966909176, 2)","(0.5662068475521796, 0.6034148992419806, 0.58481087339708, 0.026310065664597797, 2)","(0.4480304273880272, 0.4867643691804454, 0.4673973982842363, 0.02738903290350395, 2)","(0.4252440531514801, 0.607892242116945, 0.5165681476342125, 0.1291517729889222, 2)","(0.8549677754313694, 1.0, 0.9274838877156847, 0.10255326948304892, 2)","(0.5986949200061843, 0.6149084753655015, 0.6068016976858429, 0.011464714941716705, 2)","(0.5450176720923848, 0.6150108296090737, 0.5800142508507293, 0.04949263631670888, 2)","(0.6088262405071142, 0.8891397050194614, 0.7489829727632877, 0.19821155161457532, 2)","(0.5946035575013605, 0.9457416090031758, 0.7701725832522681, 0.24829209734956476, 2)","(0.3400605745694346, 0.9709835434146469, 0.6555220589920407, 0.44612990967679844, 2)"
A2TKHXY755FAM,371Q3BEXDH7BZIVX5C8ADJ3442AZS3,"(0.11365352023191169, 0.5947029646029695, 0.35417824241744056, 0.3401533242007958, 2)","(0.30821270975929677, 0.4948954591792826, 0.3497018847482949, 0.08826303273889989, 4)","(0.40723309669632185, 0.5009638274912195, 0.4766206073348402, 0.0486358388014744, 3)","(0.4689203028996893, 0.7201585366033398, 0.5945394197515146, 0.17765225874518192, 2)","(0.372818856514038, 0.7556720457448196, 0.4386913376508308, 0.20469184871372884, 3)","(0.2823919656840293, 0.35850676365487044, 0.2836004997698106, 0.043600212908495216, 3)","(0.3470398528533739, 0.5750676192251253, 0.3694712795621863, 0.12567795220554892, 3)","(0.0873968009313821, 0.5720187460492788, 0.3297077734903305, 0.34267946370467967, 2)","(0.3598105144545827, 0.6081479276591191, 0.3986357128268013, 0.13358782067096414, 3)","(0.32233705468686685, 0.5400716716079873, 0.43120436314742705, 0.15396162412397946, 2)"
APF1EAZT104LQ,3NRZ1LDP7W4EMQF5DV4GIEYTHI3PZD,"(0.22089591134157885, 0.3638074228571147, 0.2923516670993468, 0.10105369890225478, 2)","(0.32808084199665444, 0.4366835442847812, 0.3823821931407178, 0.0767937072431182, 2)","(0.10740023553651182, 0.52088459331994, 0.3141424144282259, 0.29237759330322666, 2)","(0.44932896411722156, 0.7476743906106103, 0.5985016773639159, 0.2109620742094678, 2)","(0.6320598870573935, 0.7348889200874658, 0.6834744035724296, 0.0727111065584196, 2)","(0.6065306597126334, 0.846481724890614, 0.7265061923016237, 0.16967102534028533, 2)","(0.1457378792180198, 1.0, 0.5728689396090099, 0.6040545385157396, 2)","(0.6042750794713536, 0.6147881529512643, 0.6095316162113089, 0.007433865548757315, 2)","(0.0743306114738671, 1.0, 0.5371653057369336, 0.6545471017636335, 2)","(0.1880301546543197, 0.4874812669237438, 0.3377557107890317, 0.21174391211956392, 2)"
AUMFIVVEEU78M,3NRZ1LDP7W4EMQF5DV4GIEYTHI3PZD,"(0.07040115660313674, 0.94149097734812, 0.38810943505154594, 0.3172155116945727, 5)","(0.38148326205790195, 0.5895235129457249, 0.48092362185572474, 0.10197428947283946, 5)","(0.04659202459717758, 0.7046606871094899, 0.6020679825866262, 0.2671613572761624, 5)","(0.10580331550093845, 0.7530360902481635, 0.3415251045651831, 0.23365257827959116, 5)","(0.37188487680288523, 0.7241577342575828, 0.41782090922881526, 0.17577675992161695, 5)","(0.11818317352930278, 0.9036020036098449, 0.7920365952156737, 0.32911389443011957, 5)","(0.3797830484661661, 0.5003075797740868, 0.4080267694468104, 0.05393480115975234, 5)","(0.22848179297005913, 0.7181651804404247, 0.6627733482809953, 0.2088712821485869, 5)","(0.13275045921297612, 0.7190507749975781, 0.38708652672323934, 0.22321900381881402, 5)","(0.5773725196592597, 0.723888207144175, 0.6213879154468204, 0.06441584150568663, 5)"
A3BAQWRXME72J1,3NRZ1LDP7W4EMQF5DV4GIEYTHI3PZD,"(0.36334511472825654, 0.5240904729263961, 0.44371779382732635, 0.11366413282616508, 2)","(0.2175013373801684, 0.6854717309264947, 0.46016207958741095, 0.20975750953211256, 4)","(0.5652014100236957, 0.6277074876300557, 0.5964544488268757, 0.04419847134082973, 2)","(0.3124512349209402, 0.7890230278801613, 0.535802786369768, 0.23844184479293445, 3)","(0.16653831334339092, 0.650114879538789, 0.5045643470186233, 0.21016462263873698, 4)","(0.06977154325438402, 0.8091067115702212, 0.4043057262435027, 0.37022368203071654, 3)","(0.08034284189446518, 0.10173978273092252, 0.09104131231269386, 0.015129921962106342, 2)","(0.30241913611358623, 0.39575661538721085, 0.34908787575039857, 0.0659995645332388, 2)","(0.05757575636202255, 0.5757575636202255, 0.316666659991124, 0.36640986979977586, 2)","(0.1086431872252904, 0.42146664568499315, 0.2650549164551418, 0.22119958879108406, 2)"
A35RQ59OLMDZFH,3YO4AH2FPDI2KHAU9E6DCKLH476Q0D,"(0.25875471346070855, 0.31451071743139164, 0.3010573024238898, 0.029095347242960708, 3)","(0.2849310737053598, 0.4715305142596615, 0.286122396488242, 0.10739098394860093, 3)","(0.2245461779649325, 0.37693318243568263, 0.284955776032203, 0.07673652103022008, 3)","(0.43992070704723596, 0.6070908003717135, 0.5157839615219013, 0.0837038552500699, 3)","(0.30409942177693916, 0.6953802170514382, 0.34563804662365794, 0.21492080087028, 3)","(0.04255682066145875, 0.30474856970276787, 0.1838908187931421, 0.1312290670597033, 3)","(0.31823566221963034, 0.4166760762362751, 0.36668330020932227, 0.04922222803000988, 3)","(0.22005181523567813, 0.7560313170397414, 0.6877318838201358, 0.29173717780547337, 3)","(0.19251614434393563, 0.9076755913014805, 0.36136257778554776, 0.37381369276584686, 3)","(0.03715770152515524, 0.5833339726857679, 0.2478173627113078, 0.27545641143343946, 3)"
A32V4AOAMSDK2I,3YO4AH2FPDI2KHAU9E6DCKLH476Q0D,"(0.2651515723933966, 0.27267302554490347, 0.26891229896915003, 0.00531847052780744, 2)","(0.07395551158826803, 0.36755921187675705, 0.22075736173251254, 0.2076091674554533, 2)","(0.05407183086329326, 0.5475120973097347, 0.300791964086514, 0.3489149585147756, 2)","(0.47752655359068136, 0.8408964152537145, 0.6592114844221979, 0.2569412932607484, 2)","(0.216488766343441, 0.23693787810391284, 0.2267133222236769, 0.01445970559507122, 2)","(0.4063798282013443, 0.4505546423412898, 0.428467235271317, 0.03123631063601085, 2)","(0.414714218587575, 0.47019022123252513, 0.44245221991005007, 0.03922745766336708, 2)","(0.25841450487427714, 0.3303164318013807, 0.29436546833782895, 0.05084234011053455, 2)","(0.6382545989426385, 0.9210500207490827, 0.7796523098458605, 0.19996656044784678, 2)","(0.08065978233496267, 0.6126355840680241, 0.34664768320149336, 0.37616369683259804, 2)"
APF1EAZT104LQ,3YO4AH2FPDI2KHAU9E6DCKLH476Q0D,"(0.25164268751713875, 0.5756446367610886, 0.41364366213911363, 0.2291039754280565, 2)","(0.060713336587447424, 0.8694417438899827, 0.46507754023871506, 0.571857340941819, 2)","(0.5700989414328735, 0.6356563527098296, 0.6028776470713515, 0.046356090070971044, 2)","(0.427287006396234, 0.5488116360940264, 0.48804932124513023, 0.08593088974049308, 2)","(0.570282226440554, 0.6616975066206078, 0.615989866530581, 0.0646403645193842, 2)","(0.08048293456573861, 0.15892715631425636, 0.11970504543999749, 0.05546844114327815, 2)","(0.7516501147964686, 0.9671682101338347, 0.8594091624651516, 0.15239430668146042, 2)","(0.15379367945258124, 0.5560758277365805, 0.3549347535945809, 0.2844564350019081, 2)","(0.5081327481546147, 0.5952238834431677, 0.5516783157988912, 0.06158273234377081, 2)","(0.5735061827197733, 0.8203712856696211, 0.6969387341946972, 0.1745599883341526, 2)"
A35RQ59OLMDZFH,3EAWOID6MTVUPP6BVD0NI7KPLZLV0C,"(0.423517927650153, 1.0, 0.46083792494442877, 0.32259884922223153, 3)","(0.04594899010019892, 0.1631799163304947, 0.12778561423503326, 0.060129138437510735, 3)","(0.12251480796343198, 0.6494715191471238, 0.5936840776302412, 0.2894811723212429, 3)","(0.543650294904803, 0.7980790695469367, 0.6081027676003175, 0.13227441041497584, 3)","(0.22351937337715, 0.3734371356895204, 0.28235940062226395, 0.07553436093145015, 3)","(0.37111824908923413, 0.41262782974457124, 0.3948722158463949, 0.020826897863833637, 3)","(0.2466045289287826, 0.34327812576330713, 0.2965249474368242, 0.048345444791572885, 3)","(0.27771864776302796, 0.49182058689264907, 0.4711734303541771, 0.11810355506897109, 3)","(0.20251299853063767, 0.6481388934544839, 0.3902290627497452, 0.22373244428957922, 3)","(0.02985931495407865, 0.27602580646531577, 0.2533654946448647, 0.13605540760704932, 3)"
APF1EAZT104LQ,3EAWOID6MTVUPP6BVD0NI7KPLZLV0C,"(0.7550415303475492, 0.8533575342460036, 0.8041995322967763, 0.06951991305576015, 2)","(0.13044202582182796, 0.18257418583505536, 0.15650810582844166, 0.03686300386325527, 2)","(0.8891397050194614, 1.0, 0.9445698525097307, 0.07839006634507983, 2)","(0.10064528918491783, 0.6610079036990795, 0.3808265964419987, 0.396236204646387, 2)","(0.02734470381093783, 0.7545031759729782, 0.390923939891958, 0.5141786866630281, 2)","(0.3430724116558217, 0.440581309175407, 0.3918268604156143, 0.06894920266212289, 2)","(0.16348126556655487, 0.22509201421623343, 0.19428663989139416, 0.04356537816416763, 2)","(0.684694991173804, 0.9200444146293233, 0.8023697029015636, 0.16641717327374203, 2)","(0.0076464605606061916, 0.7732944005951418, 0.39047043057787395, 0.5413948503999312, 2)","(0.22313016014842982, 0.785629301801026, 0.5043797309747279, 0.3977469574741631, 2)"
A13WYZ8AXD6ODX,3EAWOID6MTVUPP6BVD0NI7KPLZLV0C,"(0.9306048591020996, 1.0, 0.9653024295510497, 0.04906977471030132, 2)","(0.3860973950960897, 0.3936932246683079, 0.3898953098821988, 0.0053710625992528125, 2)","(0.31385374381502784, 0.5628785875727005, 0.43836616569386416, 0.17608715570497083, 2)","(0.5124211683902791, 1.0, 0.7562105841951395, 0.3447702981942474, 2)","(0.055162515327447884, 0.1293245537403544, 0.09224353453390113, 0.05244048026838342, 2)","(0.3660489030912041, 0.48644841037855624, 0.42624865673488016, 0.08513530805440586, 2)","(0.20891045461440766, 0.5623413251903491, 0.38562588990237834, 0.2499133652649132, 2)","(0.33794681259634946, 1.0, 0.6689734062981747, 0.46814229831928944, 2)","(0.7682233441672254, 0.7781581271306612, 0.7731907356489434, 0.007024952403062082, 2)","(0.04598126864749705, 0.35831291876413535, 0.20214709370581618, 0.22085182777665907, 2)"
API7K4R8MF7VD,36BTXXLZ2V6JV67V5UIFTDLZH5P4R9,"(0.22626645763911546, 0.4034933177040759, 0.3148798876715957, 0.12531831456033288, 2)","(0.3930524368688461, 0.43134657279938793, 0.41219950483411705, 0.027078043196165538, 2)","(0.10491622288119919, 0.25943837160425853, 0.18217729724272885, 0.10926365920559147, 2)","(0.12704697476198454, 0.670003276239299, 0.3985251255006418, 0.3839280826625765, 2)","(0.1856293387426249, 0.28149576324784253, 0.2335625509952337, 0.0677877988557476, 2)","(0.08209568436078464, 0.3891804946725645, 0.23563808951667456, 0.21714175177084416, 2)","(0.2709512962012512, 0.3792319690656914, 0.3250916326334713, 0.07656599805388786, 2)","(0.24896384700296276, 0.2804684808403939, 0.2647161639216783, 0.022277140225246714, 2)","(0.30130404892785684, 0.4385068972747104, 0.36990547310128363, 0.09701706446416966, 2)","(0.25642856796013974, 0.30639512688388687, 0.2814118474220133, 0.03533169264753879, 2)"
APF1EAZT104LQ,36BTXXLZ2V6JV67V5UIFTDLZH5P4R9,"(0.05662604395295541, 0.06891518819218029, 0.06277061607256784, 0.008689737226535507, 2)","(0.02728026063693796, 0.1367440667823257, 0.08201216370963182, 0.07740259961989335, 2)","(0.20189651799465538, 1.0, 0.6009482589973277, 0.5643443842145749, 2)","(0.6985342056580097, 0.8824969025845955, 0.7905155541213026, 0.13008127048215443, 2)","(0.5773502691896257, 0.6756000774035172, 0.6264751732965714, 0.06947310563832045, 2)","(0.16803543108638713, 1.0, 0.5840177155431936, 0.5882877883857583, 2)","(0.6086700968648568, 0.7122497147741741, 0.6604599058195155, 0.07324185021638979, 2)","(0.2986540415355791, 0.5576482195844407, 0.42815113056000986, 0.18313653958618606, 2)","(0.37435262499122096, 0.4027672046365773, 0.3885599148138991, 0.020092141951796698, 2)","(0.5531345601521246, 0.5900468726392808, 0.5715907163957027, 0.02610094646894503, 2)"
A1U3OIZTWRI8JD,36BTXXLZ2V6JV67V5UIFTDLZH5P4R9,"(0.15213646010839674, 0.4574961760905828, 0.35930411196308426, 0.14693758254891434, 5)","(0.4157455329408815, 0.9157278938396898, 0.6829767969766944, 0.182589767528413, 5)","(0.35900398297062824, 0.9878765474230741, 0.4992318062836083, 0.23903913146162487, 5)","(0.48123684816064677, 0.9071112036324318, 0.770192307482612, 0.17041976781008286, 5)","(0.43848107274091763, 0.8365606501558066, 0.8281071306736923, 0.1810987407729456, 5)","(0.5554408189421887, 0.914795904920735, 0.7088856802260898, 0.14742727580925985, 5)","(0.35644110428877074, 0.6863978801696748, 0.6425160847290116, 0.1364155079668314, 5)","(0.6326526439886341, 0.8106735562524036, 0.791662676661129, 0.08468856126241789, 5)","(0.18016060905785503, 0.7974545591044423, 0.5695952573413798, 0.23760486290714902, 5)","(0.0823481567964712, 0.7457651916617388, 0.35930411196308426, 0.3064518148776953, 5)"
APF1EAZT104LQ,34YWR3PJ288MTEB6VS156SHA1ATX0H,"(0.002130725927060655, 0.4777856684744321, 0.23995819720074638, 0.33633883538014403, 2)","(0.09544239437038682, 0.6204032394013997, 0.3579228168858933, 0.37120337337884957, 2)","(0.5320746411699112, 0.5773502691896257, 0.5547124551797684, 0.032014703595219796, 2)","(0.3864911638244346, 0.6640471006217092, 0.5252691322230719, 0.1962616850679377, 2)","(0.06227190212960362, 0.800737402916808, 0.4315046525232058, 0.5221739632789519, 2)","(0.4412739850976206, 0.5647181220077593, 0.50299605355269, 0.08728818630687964, 2)","(0.5402978547371841, 0.9394130628134758, 0.7398554587753299, 0.2822170701054258, 2)","(0.36787944117144233, 0.6434588841607617, 0.5056691626661021, 0.1948640928933593, 2)","(0.31702331385234306, 0.4448286903173788, 0.38092600208486094, 0.09037204837052637, 2)","(0.40293516672844226, 0.6190141936965665, 0.5109746802125044, 0.15279094524135153, 2)"
A2J8CTUSZ8IHUV,34YWR3PJ288MTEB6VS156SHA1ATX0H,"(0.2823146987385491, 0.6545582749064346, 0.46843648682249184, 0.26321595696144295, 2)","(0.38665094116978954, 0.6219267743722662, 0.5487186081785148, 0.12040216081686587, 3)","(0.5680284608879422, 0.7431724899026805, 0.6556004753953113, 0.12384553060065485, 2)","(0.6477349129400435, 0.9718025939474719, 0.8873440018909107, 0.13996466968704746, 4)","(0.2740863419302896, 1.0, 0.7341284395512201, 0.37160742824179527, 4)","(0.6850836912969523, 1.0, 0.6868247058200974, 0.18131651768081858, 3)","(0.5667521832510313, 0.9457416090031758, 0.8854048750334657, 0.17244397043493714, 4)","(0.19019673348568164, 0.3837763856548257, 0.3338980625502127, 0.10050787765524287, 3)","(0.09173132546531394, 0.6121634328045704, 0.47711652499831686, 0.27006449775214275, 3)","(0.21606377867584176, 1.0, 0.2231521822486964, 0.45057348207851994, 3)"
AYNUK54JG6E2H,34YWR3PJ288MTEB6VS156SHA1ATX0H,"(0.35689481241136556, 0.7765453555044466, 0.6033345706609493, 0.17377470938091347, 5)","(0.05113154533240717, 0.9036020036098449, 0.10900412505992108, 0.36998260379669545, 5)","(0.19620553716616515, 0.8325322234679667, 0.3665113625996641, 0.25509792330448433, 5)","(0.3784481137591871, 0.7585428054850012, 0.42633879411497083, 0.16252319791746594, 5)","(0.3087818953963449, 1.0, 0.37817904276524744, 0.3446592518595248, 5)","(0.5142401605028263, 1.0, 0.5923033072023249, 0.19558384895634984, 5)","(0.3434734610881772, 0.9235495977650208, 0.6774288846573827, 0.21212895288242775, 5)","(0.05379265013420485, 1.0, 0.7156996974705179, 0.35564362598269855, 5)","(0.12090340630072073, 0.6739857287654524, 0.4467909195097863, 0.20921902992438574, 5)","(0.5578827719894365, 0.8761151623788772, 0.6238986072117501, 0.13097870239337778, 5)"
A35RQ59OLMDZFH,3DWGDA5POF2UWERTRW4NWC3ZQRRV1F,"(0.0562693338711817, 0.7714151881987021, 0.6520045678141083, 0.38309984733824204, 3)","(0.24455000565116186, 0.5993418090318328, 0.4340352502816126, 0.17753316124253632, 3)","(0.3781135641335251, 0.7242447986095324, 0.4333625158784977, 0.18595330083814982, 3)","(0.29603932379760983, 0.9358088169766215, 0.3207318193985872, 0.3624533157734807, 3)","(0.16672740130258804, 0.27179933511471877, 0.26373324647799984, 0.058474078386797676, 3)","(0.03102016197006999, 0.5706745777055999, 0.10326848759701196, 0.29294913154828045, 3)","(0.3940591077383526, 0.621623689189929, 0.4824318132207493, 0.11472412717858517, 3)","(0.14916012146371438, 0.591893511645521, 0.3079085098882947, 0.22429942295672878, 3)","(0.31305924157083914, 0.4720007350290154, 0.3380854059700698, 0.08546151434439021, 3)","(0.24328221242512443, 0.7590237496543616, 0.5251231894926424, 0.2582418574456627, 3)"
A32V4AOAMSDK2I,3DWGDA5POF2UWERTRW4NWC3ZQRRV1F,"(0.6843314562759527, 0.7410847173720773, 0.712708086824015, 0.040130615775520344, 2)","(0.43986126843363643, 0.5567607617234325, 0.4983110150785345, 0.08266042442248608, 2)","(0.4086730108549017, 0.5226091855754035, 0.4656410982151526, 0.08056504176732208, 2)","(0.4265017106133399, 0.5265976363976509, 0.4765496735054954, 0.07077850789123169, 2)","(0.23337388721354077, 0.2744977549217816, 0.25393582106766116, 0.02907896572511556, 2)","(0.1744391898986843, 0.49030470692026623, 0.33237194840947526, 0.22335064902895543, 2)","(0.454894196600773, 0.6605534462948889, 0.557723821447831, 0.14542305007244674, 2)","(0.4655944486606096, 0.7740443718000138, 0.6198194102303117, 0.2181070323083421, 2)","(0.3375804740497263, 0.49227634561760536, 0.41492840983366586, 0.10938649980721052, 2)","(0.41084063449667785, 0.8905703447300118, 0.6507054896133448, 0.33922013124264794, 2)"
APF1EAZT104LQ,3DWGDA5POF2UWERTRW4NWC3ZQRRV1F,"(0.05575974129541795, 0.5828233954152654, 0.31929156835534167, 0.3726902839451051, 2)","(0.515479004001011, 0.5193071778680676, 0.5173930909345392, 0.002706927700956839, 2)","(0.5634253252476835, 0.7558187924350542, 0.6596220588413688, 0.13604272530418135, 2)","(0.18662920030052607, 0.27284484116092583, 0.22973702073072594, 0.06096366429673266, 2)","(0.553651207882713, 0.5783569866465144, 0.5660040972646136, 0.017469623698378508, 2)","(0.06884169961000239, 0.3704274515363968, 0.2196345755731996, 0.21325333029639737, 2)","(0.30352983568225617, 0.6888074582865503, 0.4961686469844032, 0.27243241958292785, 2)","(0.6422727797927412, 0.8751733190429475, 0.7587230494178443, 0.16468555064582452, 2)","(0.368692337514863, 0.6731821382417487, 0.5209372378783058, 0.21530680289612136, 2)","(0.6791925497436588, 0.6865890479690393, 0.6828907988563491, 0.005230114052200792, 2)"
A105K8XW0ZZ7AF,3XAOZ9UYRZP2R6VC5XADQP4R9ZCQ1G,"(0.06891518819218029, 0.668740304976422, 0.13512001548070346, 0.2486270841703443, 5)","(0.0814136751754278, 0.4272870063962341, 0.23147348007424515, 0.130541831834153, 5)","(0.24178614976744797, 0.41488865152565224, 0.31702331385234306, 0.079499462624689, 5)","(0.0390734160394292, 0.5009638274912195, 0.11643948477069975, 0.22334515478049827, 5)","(0.048650851397028565, 0.6606328636027614, 0.06471074162236762, 0.3150884892285482, 5)","(0.04279677428117006, 0.5866910197581633, 0.21105340631872638, 0.23680829900090505, 5)","(0.07598356856515925, 0.4728708045015879, 0.29136673058142054, 0.17853513162407078, 5)","(0.0892647227570666, 0.13512001548070346, 0.11362193664674995, 0.01824575890095372, 5)","(0.05692994482485313, 0.8408964152537145, 0.6709489882833027, 0.30965301407875, 5)","(0.3085369537646305, 0.6694660144597179, 0.45186325020759716, 0.13190923991695913, 5)"
A2YY9CKRJLL113,3XAOZ9UYRZP2R6VC5XADQP4R9ZCQ1G,"(0.08783602619713964, 0.20288578225880416, 0.1453609042279719, 0.08135246268506108, 2)","(0.262573847389014, 0.3316044774077417, 0.29708916239837785, 0.04881202659582198, 2)","(0.025307989573458558, 0.5095687188543269, 0.2674383542138927, 0.34242404553684486, 2)","(0.16640114583576876, 0.2967553975276132, 0.23157827168169098, 0.09217437532780119, 2)","(0.423093602594796, 0.5219459166803755, 0.47251975963758575, 0.06989914162589572, 2)","(0.12107470158860224, 0.2537698163969425, 0.18742225899277237, 0.09382961551130486, 2)","(0.13512001548070346, 0.4249456196134439, 0.28003281754707365, 0.20493765004374861, 2)","(0.29510826587881334, 0.4810085130107634, 0.3880583894447884, 0.13145132537125692, 2)","(0.488654751814059, 0.5783569866465144, 0.5335058692302866, 0.06342905853761732, 2)","(0.4341289416538335, 0.4772497631379644, 0.4556893523958989, 0.030491025281763548, 2)"
API7K4R8MF7VD,3XAOZ9UYRZP2R6VC5XADQP4R9ZCQ1G,"(0.361209852017364, 0.3911311336787364, 0.3761704928480502, 0.021157541164549126, 2)","(0.25493996762130644, 0.3196863759816419, 0.2873131718014742, 0.04578262440906658, 2)","(0.23036544335950135, 0.33414606698661403, 0.2822557551730577, 0.07338398272250021, 2)","(0.24791184931115895, 0.5265953854644483, 0.3872536173878036, 0.19705901821903726, 2)","(0.20694625656144774, 0.2359661726727615, 0.22145621461710463, 0.02052017947177469, 2)","(0.07771324020744104, 0.6915827518474991, 0.3846479960274701, 0.43407129444435927, 2)","(0.10540925533894598, 0.12745430881920855, 0.11643178207907726, 0.015588206807513766, 2)","(0.2672994357314647, 0.3886777469978846, 0.3279885913646746, 0.08582742698545703, 2)","(0.3502651163026579, 0.37980377049862446, 0.3650344434006412, 0.02088698268909243, 2)","(0.386884839518098, 0.9069800139256777, 0.6469324267218879, 0.36776282468599975, 2)"
A35RQ59OLMDZFH,338GLSUI4395U14X40E3ARNMSXGSF8,"(0.34853285063382355, 0.41738834134012964, 0.36524478423227547, 0.03591498729143893, 3)","(0.3418572855731201, 0.44469174408258544, 0.3696438386048141, 0.05319650129930004, 3)","(0.11961013580789268, 0.43048876204469666, 0.32132091693856, 0.15771830261595296, 3)","(0.4227438337657598, 0.780021992282574, 0.4322853650778184, 0.20357614679880184, 3)","(0.2969824860402079, 0.5091541256658992, 0.4505424999594886, 0.10956946442348213, 3)","(0.09946569163235906, 0.32282528016160017, 0.31869406637782693, 0.1277808364667269, 3)","(0.23271981468308064, 0.813641654071892, 0.4975335107374365, 0.2908381094295145, 3)","(0.06199056827318122, 0.2270926293672687, 0.17030538927091796, 0.08388045229476704, 3)","(0.3877964213566079, 0.7522135016840221, 0.4252681592153509, 0.20045664391353563, 3)","(0.2624599192797135, 0.9036020036098448, 0.3299895472527792, 0.35229123204184165, 3)"
A32V4AOAMSDK2I,338GLSUI4395U14X40E3ARNMSXGSF8,"(0.2696353921006519, 0.3850522498829063, 0.3273438209917791, 0.08161204280107545, 2)","(0.2545885041789664, 0.6626877340247366, 0.4586381191018515, 0.28856973282095155, 2)","(0.20205155046766235, 0.22333739664891214, 0.21269447355828724, 0.015051366178055503, 2)","(0.6004561075980747, 0.6414981976227608, 0.6209771526104177, 0.02902114017052435, 2)","(0.24111167825717356, 0.49535155932299174, 0.36823161879008265, 0.17977474394970136, 2)","(0.26154210308664283, 0.3609944649901579, 0.31126828403840034, 0.07032343950699417, 2)","(0.30514535228241846, 0.6828837330059916, 0.494014542644205, 0.2671013705240644, 2)","(0.5349127889288596, 1.0, 0.7674563944644298, 0.3288663207915425, 2)","(0.4908985092215497, 0.5317277247038459, 0.5113131169626978, 0.0288706151380584, 2)","(0.3046272973501662, 0.4092316581663999, 0.35692947775828304, 0.07396645287484323, 2)"
APF1EAZT104LQ,338GLSUI4395U14X40E3ARNMSXGSF8,"(0.7003652415618387, 0.7827269157642462, 0.7415460786630425, 0.05823849833839954, 2)","(0.21266570406782698, 0.9200444146293233, 0.5663550593485751, 0.5001922831050301, 2)","(0.8091067115702212, 1.0, 0.9045533557851106, 0.13498193873169612, 2)","(0.6572610921202112, 0.7969405445668117, 0.7271008183435115, 0.09876828801741512, 2)","(0.37381070177291376, 0.5900468726392808, 0.4819287872060973, 0.1529020627574211, 2)","(0.42469384862706444, 0.912167909070388, 0.6684308788487262, 0.34469621379201504, 2)","(0.7123622378038453, 0.816496580927726, 0.7644294093657857, 0.07363410017730276, 2)","(0.4933885363281902, 1.0, 0.7466942681640951, 0.358228401389179, 2)","(0.9131007162822624, 0.9709835434146469, 0.9420421298484547, 0.04092933957955774, 2)","(0.5696822651325548, 0.6042750794713536, 0.5869786723019542, 0.024460813599291864, 2)"
APF1EAZT104LQ,3ZG552ORAM21LZ9PA0411VD4IX5V2W,"(0.39210427616941, 0.8694417438899827, 0.6307730100296964, 0.3375285603396317, 2)","(0.10963546543618267, 0.19729406277958836, 0.1534647641078855, 0.061983988610823236, 2)","(0.07506238537503397, 0.10573712634405641, 0.09039975585954518, 0.021690317350336573, 2)","(0.537284965911771, 1.0, 0.7686424829558856, 0.32718893836075125, 2)","(0.026658376817028855, 0.03234756246430655, 0.029502969640667703, 0.004022861750619234, 2)","(0.24028114141347542, 0.7598356856515925, 0.500058413532534, 0.36738054142705867, 2)","(0.11633369384516798, 0.373421126552421, 0.2448774101987945, 0.1817882670251388, 2)","(0.24868467029269142, 0.3805803001674946, 0.314632485230093, 0.09326429429334432, 2)","(0.4920274515385508, 0.6526220818377341, 0.5723247666881425, 0.11355755210669907, 2)","(0.07386099955930606, 0.21711852081087685, 0.14548976018509147, 0.10129836473296165, 2)"
A2NOBB0B070PIR,3ZG552ORAM21LZ9PA0411VD4IX5V2W,"(0.10266900960803409, 0.1803607563513132, 0.13652520787861755, 0.02768360075162257, 5)","(0.04532931884180109, 0.20709465045730985, 0.09554427922043669, 0.06183267602102823, 5)","(0.08034284189446518, 0.16990442448471224, 0.10714642219733597, 0.03659392196161115, 5)","(0.024066394763145416, 1.0, 0.09681772177713914, 0.41923751182381863, 5)","(0.024066394763145416, 0.7071067811865476, 0.13512001548070346, 0.3050669299168423, 5)","(0.09193227152249189, 0.7037259479962377, 0.19180183554164504, 0.24031543660903867, 5)","(0.07598356856515925, 1.0, 0.08168727986029037, 0.39904097320458276, 5)","(0, 0, 0, 0.0, 5)","(0.12209471671615688, 0.26591479484724945, 0.19490800976779876, 0.06942709714814045, 4)","(0.05501080739920602, 0.47369534260115936, 0.14287202148493997, 0.16254818201217355, 5)"
A3KHSD6AHN8TWB,3ZG552ORAM21LZ9PA0411VD4IX5V2W,"(0.23368936312986366, 0.5010471261535355, 0.3673682446416996, 0.18905048723690437, 2)","(0.0476608251305123, 0.06685732243125461, 0.057259073780883456, 0.013573973416384146, 2)","(0.06438885731375318, 0.6622152291011697, 0.6257007215314617, 0.33511209293287814, 3)","(0.3237722713145643, 1.0, 0.6618861356572822, 0.4781652125798484, 2)","(0.27338535134616687, 0.5623413251903491, 0.41786333826825794, 0.2043227285695839, 2)","(0.11372027710077005, 0.5142401605028263, 0.31398021880179816, 0.28321032555363934, 2)","(0.4234197579236933, 1.0, 0.7117098789618467, 0.4077037990703376, 2)","(0.09681772177713914, 1.0, 0.1761397451428541, 0.42999288591677315, 4)","(0.13512001548070346, 0.30928520903947526, 0.22220261226008936, 0.12315338941207514, 2)","(0.03303164318013808, 0.8091067115702212, 0.1623339577375495, 0.41579774639177514, 3)"
ALAEBEEHK525U,3G4VVJO6PZEJXVGJDU16VZAGD9QKPM,"(0.13193849171325928, 0.7165313105737893, 0.42423490114352425, 0.4133695464492398, 2)","(0.4815586746339711, 0.6590025806159785, 0.5702806276249748, 0.1254717892001056, 2)","(0.06891518819218029, 0.7598356856515925, 0.4143754369218864, 0.4885545690143332, 2)","(0.1565285203048807, 0.2626909894424158, 0.20960975487364825, 0.07506820183465863, 2)","(0.6492022914406281, 0.7318415031800574, 0.6905218973103427, 0.05843474701286135, 2)","(0.10973459494181498, 0.7037259479962376, 0.4067302714690263, 0.42001531371095485, 2)","(0.19520460918812307, 0.4135171000263379, 0.3043608546072305, 0.15437024268942773, 2)","(0.668740304976422, 1.0, 0.834370152488211, 0.23423597668495963, 2)","(0.49252640743293347, 0.5574861256157237, 0.5250062665243286, 0.04593345723101808, 2)","(0.2262036494560661, 0.2305720744624697, 0.2283878619592679, 0.0030889429451328595, 2)"
ASI6KXF2GAUTQ,3G4VVJO6PZEJXVGJDU16VZAGD9QKPM,"(0.0908538095675048, 0.25586616164168474, 0.17335998560459476, 0.1166813531311947, 2)","(0.08730714748538422, 0.7006129182757614, 0.5581489484002982, 0.32097039133598576, 3)","(0.7881908844372033, 0.832566509783682, 0.8103786971104426, 0.031378305601888694, 2)","(0.4539160880507367, 0.5195626461669889, 0.4867393671088628, 0.04641912640555872, 2)","(0.4944779467992365, 0.6724091431652431, 0.5834435449822398, 0.12581635553503848, 2)","(0.4006957436224019, 0.8826299649208393, 0.6416628542716206, 0.3407789559659834, 2)","(0.32421646421108913, 0.5117654537937247, 0.4179909590024069, 0.1326171623385668, 2)","(0.5804938418876685, 0.6766530045886874, 0.6285734232381779, 0.06799479601911097, 2)","(0.5046825223270381, 0.7574651283969664, 0.6098493249563464, 0.11236179692474671, 4)","(0.3181473247615109, 0.6918794308619017, 0.5050133778117063, 0.2642685065707166, 2)"
A12KBRXJJ8IZCR,3G4VVJO6PZEJXVGJDU16VZAGD9QKPM,"(0.05653041175801491, 0.4446964460077809, 0.2506134288828979, 0.2744748350442992, 2)","(0.3447241447679157, 0.49733697610284616, 0.4210305604353809, 0.10791356793300817, 2)","(0.22950061517471118, 0.3986357128268013, 0.2872316105853658, 0.08597521259555697, 3)","(0.4711545748407525, 0.6563878678087159, 0.5743669764878081, 0.09281846017054353, 3)","(0.40902739379830433, 0.6200208643418742, 0.4539164387823273, 0.11114851263217229, 3)","(0.5113035919523556, 0.6904426766124301, 0.6080265981004345, 0.09276726387686882, 4)","(0.2227960016155259, 0.6161954889157968, 0.5868524492588634, 0.21915035464839755, 3)","(0.4280635051469125, 0.5202153534920861, 0.4741394293194993, 0.06516119686374662, 2)","(0.37458442151082627, 0.5736212820263836, 0.49742512743708717, 0.10042523325883417, 3)","(0.6103683022828145, 0.6939050994182671, 0.6293661046361003, 0.04378849700053813, 3)"
APF1EAZT104LQ,3JUDR1D0D6P9GRD8O1ARV8EW15QQ2X,"(0.40293516672844226, 1.0, 0.7014675833642211, 0.4221885924143338, 2)","(0.41374412020518814, 0.4448493879587354, 0.4292967540819618, 0.021994745759156522, 2)","(0.5976278945158731, 0.6147881529512643, 0.6062080237335687, 0.012134135106578816, 2)","(0.14073199831116506, 0.4366835442847812, 0.2887077712979731, 0.20926934506058623, 2)","(0.5011262828586536, 0.7259795291154771, 0.6135529059870654, 0.15899525520000862, 2)","(0.09630141125179909, 0.1429824753915369, 0.119641943321668, 0.033008497006212785, 2)","(0.20556680845025987, 0.2790700240211057, 0.2423184162356828, 0.05197462216916171, 2)","(0.5155249061892859, 0.5526961999502462, 0.5341105530697661, 0.026284073883852226, 2)","(0.11392443929712959, 0.23736810439041953, 0.17564627184377457, 0.08728785268198642, 2)","(0.1301499875313449, 0.18430494031451755, 0.15722746392293124, 0.038293334347818675, 2)"
A2YY9CKRJLL113,3JUDR1D0D6P9GRD8O1ARV8EW15QQ2X,"(0.4272870063962341, 0.7259795291154771, 0.5766332677558557, 0.21120750830449364, 2)","(0.1367440667823257, 0.3523089031737454, 0.24452648497803556, 0.15242735759774154, 2)","(0.2572642315041338, 0.2897335015616832, 0.2734988665329085, 0.022959241037870507, 2)","(0.272701844762718, 0.34319959956936386, 0.3079507221660409, 0.04984944048220579, 2)","(0.29526575339885425, 0.41944354523254873, 0.3573546493157015, 0.08780695867837685, 2)","(0.05291201132535048, 0.0734705312597788, 0.06319127129256463, 0.014537068856793085, 2)","(0.12909944487358058, 0.39933851822617206, 0.26421898154987633, 0.19108788130918627, 2)","(0.38230839360373486, 0.49213883297217886, 0.4372236132879569, 0.07766184845812471, 2)","(0.28637393759586943, 0.3863801469480392, 0.3363770422719543, 0.07071506879368075, 2)","(0.07050825340223643, 0.07926333552719678, 0.0748857944647166, 0.006190777940404588, 2)"
A35RQ59OLMDZFH,3JUDR1D0D6P9GRD8O1ARV8EW15QQ2X,"(0.5267368863197449, 1.0, 0.7152521560268823, 0.23825662506718248, 3)","(0.3027541802090068, 0.5241233802053494, 0.3993987573674004, 0.11098102581313474, 3)","(0.21821453772891453, 0.3010496509900543, 0.22177137563285307, 0.04683188377674796, 3)","(0.06803976008251886, 0.24351580099223152, 0.18938432132143218, 0.08985781413522301, 3)","(0.37072240148246904, 0.4651429545809939, 0.3815892411512544, 0.051663255929976434, 3)","(0.07660085066026409, 0.10142430673893113, 0.07660521778217384, 0.014330568536085702, 3)","(0.10251533178063973, 0.3422960804776071, 0.33913268635059535, 0.13753338200340376, 3)","(0.3355852894890405, 0.3458377018953556, 0.341908603939134, 0.005172589237727256, 3)","(0.30459952219315845, 0.4147926680255282, 0.32231481935829215, 0.0591727888422304, 3)","(0.21589791428433464, 0.3940364841636237, 0.34470762335824573, 0.09197701500800831, 3)"
A2YY9CKRJLL113,351S7I5UG9UOJQYOFUO2QV58Y5PNJU,"(0.17080924338086442, 0.3254215017792541, 0.24811537258005928, 0.10932737636806808, 2)","(0.46879302640000914, 0.47511561021837345, 0.4719543183091913, 0.004470741892585741, 2)","(0.44476301781818156, 0.6652049901111009, 0.5549840039646412, 0.1558760134664603, 2)","(0.4088102519403474, 0.7319354499448296, 0.5703728509425885, 0.22848401868121523, 2)","(0.2882675604576526, 0.5851334818920918, 0.43670052117487224, 0.2099159061494848, 2)","(0.08956218700268731, 0.16159099106495597, 0.12557658903382163, 0.05093205579318731, 2)","(0.08466648745052725, 0.5280972216470737, 0.3063818545488005, 0.3135528791369075, 2)","(0.08291705932865436, 0.5894751765193604, 0.3361961179240074, 0.3581906797306381, 2)","(0.3234242089031475, 0.6187934993051339, 0.4711088541041407, 0.20885762819750325, 2)","(0.3218321162412336, 0.4031866206826121, 0.36250936846192283, 0.05752632177056982, 2)"
APF1EAZT104LQ,351S7I5UG9UOJQYOFUO2QV58Y5PNJU,"(0.4836632992648274, 0.5783569866465144, 0.5310101429556708, 0.06695854848314987, 2)","(0.5394867042971137, 0.7186082239261684, 0.629047464111641, 0.1266580411861439, 2)","(0.2659147948472494, 0.7952707287670506, 0.53059276180715, 0.3743111705360294, 2)","(0.7952750379837583, 0.8093730841862444, 0.8023240610850013, 0.009968824071259185, 2)","(0.08708269033901145, 0.33794681259634946, 0.21251475146768045, 0.1773877220045748, 2)","(0.17377394345044514, 0.5773502691896258, 0.3755621063200355, 0.2853715566565257, 2)","(0.49498664293933686, 0.5035337887555859, 0.4992602158474614, 0.0060437447664598905, 2)","(0.13095998033055162, 0.25894822902396286, 0.19495410467725724, 0.09050135856330137, 2)","(0.012020365629417109, 0.08378832915629485, 0.04790434739285598, 0.05074761368180406, 2)","(0.6088262405071142, 0.6756000774035172, 0.6422131589553157, 0.04721623287529108, 2)"
A2YMT7CKQNSRIR,351S7I5UG9UOJQYOFUO2QV58Y5PNJU,"(0.48683921820264636, 0.7845392415165645, 0.6609252739342575, 0.14290964992395905, 5)","(0.23516534545165993, 0.6188051313085096, 0.4063798282013443, 0.1597445291838786, 5)","(0.3784481137591871, 0.9306048591020996, 0.6596924585662963, 0.2187644394856973, 5)","(0.3809831330255983, 0.5549740547121165, 0.46321671454592983, 0.07310371794264385, 5)","(0.46954471056507274, 0.6345814629568174, 0.4936340922889291, 0.06634255251803432, 5)","(0.29951668866964165, 0.43788508224803974, 0.37428101258843993, 0.0612571487355054, 5)","(0.1186840521952098, 0.8028096826991373, 0.5706745777055999, 0.2970720398454085, 5)","(0.5146906560381768, 0.6164888279872118, 0.5419642316694009, 0.043368124977362824, 5)","(0.67536511055499, 0.8705691816929692, 0.7257785817977934, 0.07887965496578997, 5)","(0.19544337264599412, 0.855129833582408, 0.24644094494640495, 0.3394453499490162, 5)"
A35RQ59OLMDZFH,3J5XXLQDHM9Q6H58E0I6K5IWOB5V37,"(0.09501700989330461, 0.6349140169292883, 0.39837977594601254, 0.2706369626120009, 3)","(0.6229737762171312, 0.9177658549138809, 0.645769442273453, 0.16401425778600462, 3)","(0.09038531786177316, 0.4500994164652013, 0.30923816837387136, 0.18126072111978866, 3)","(0.3156001805546032, 0.8653642791599412, 0.4872749261474147, 0.28126628582511365, 3)","(0.26475080727861555, 0.3995703867986831, 0.3215859729512527, 0.06768569996945592, 3)","(0.3793101694150578, 0.5071998599503583, 0.3806776315454877, 0.07344557755965449, 3)","(0.264003621707466, 0.5797740507496262, 0.32688408174356315, 0.16714178239631797, 3)","(0.48281786389360865, 0.6304186117582761, 0.5293414298124391, 0.0754619326394935, 3)","(0.041956013830711146, 0.6284416118813307, 0.10505584503491938, 0.3219419218731329, 3)","(0.32744800022217563, 0.5756857388225824, 0.3327438175837422, 0.14181607668748858, 3)"
A2YY9CKRJLL113,3J5XXLQDHM9Q6H58E0I6K5IWOB5V37,"(0.4154656482794897, 0.5595642461260144, 0.487514947202752, 0.10189309569675087, 2)","(0.5463808546956105, 0.5892196289450213, 0.5678002418203159, 0.030291587769478063, 2)","(0, 0.1971006347473435, 0.09855031737367174, 0.13937119540601944, 2)","(0.173866729049579, 0.29615165360116247, 0.23500919132537074, 0.08646849938731, 2)","(0.23505204106959587, 0.2559583394738018, 0.24550519027169884, 0.014782985371123514, 2)","(0.22733545658242518, 0.5169731539571706, 0.37215430526979787, 0.20480477990093957, 2)","(0.2825829152676809, 0.34616316658919044, 0.31437304092843565, 0.044958026858984326, 2)","(0.5470503887814369, 0.7334857907346545, 0.6402680897580457, 0.13182973697435987, 2)","(0.49097842528547286, 0.8228020420406904, 0.6568902336630816, 0.23463472956546041, 2)","(0.39433706774546085, 0.4875485901361746, 0.4409428289408177, 0.06591049956719539, 2)"
ASI6KXF2GAUTQ,3J5XXLQDHM9Q6H58E0I6K5IWOB5V37,"(0.5648922603962839, 0.5778103894802328, 0.5713513249382584, 0.009134496675503393, 2)","(0.5872872430021993, 0.949703619317748, 0.7407728591387913, 0.18191368224677307, 3)","(0.4984495783041628, 0.912167909070388, 0.7053087436872754, 0.2925430371859769, 2)","(0.2831515763229296, 0.704665713824889, 0.6529942057256104, 0.22990131338857955, 3)","(0.18858494566078707, 0.31307120158383733, 0.2508280736223122, 0.08802507572771286, 2)","(0.23810583371223404, 0.6228526712505164, 0.6015591676866648, 0.2162490340120476, 3)","(0.5290744077577717, 0.8940387317591186, 0.660242261358207, 0.18487146579169977, 3)","(0.536774839973517, 0.6930977286178778, 0.6149362842956974, 0.11053697461509701, 2)","(0.11954726580677508, 0.3255810418094022, 0.22256415380808864, 0.1456878801649278, 2)","(0.19755395479699314, 0.48313593187072507, 0.3403449433338591, 0.201936952573497, 2)"
35NNO802AVUSOFEIXC32EUQ8LQ0NII,35NNO802AVUSOFEIXC32EUQ8LQ0NII,"(0.22710294619697544, 0.8408964152537145, 0.360300162798308, 0.22067123181108736, 6)","(0.206928472563816, 1.0, 0.3976353643835253, 0.2622109052039774, 9)","(0.05744990696182412, 0.49582717346593747, 0.1833341725325537, 0.17381802902209034, 9)","(0.041819388342048396, 0.24410332489112258, 0.1522726002536517, 0.06429226987245697, 7)","(0.03551851328486764, 1.0, 0.19633888788316808, 0.40112897924764357, 6)","(0.27230882942629814, 1.0, 0.4264686279523937, 0.27402839127782763, 6)","(0.24815628265423423, 0.6892146754069327, 0.4182168162894735, 0.15894589386097546, 6)","(0.0744231242969307, 0.6042750794713536, 0.24973367318850043, 0.2172869632745291, 6)","(0.2546177625713488, 0.7416794460498953, 0.5772392044905721, 0.18856266279972175, 6)","(0.10573712634405641, 0.4753325436432835, 0.3498057037287372, 0.14702864846525404, 6)"
3LCXHSGDLT4DON419PUXS92MGW1SEQ,3LCXHSGDLT4DON419PUXS92MGW1SEQ,"(0.07610462252028802, 0.8307018474412792, 0.3360601524550046, 0.2577929731448699, 6)","(0, 0.6175637907926896, 0.445343060741053, 0.21822124048765928, 8)","(0.08872444253557525, 0.510029457493824, 0.28064520560437456, 0.16221438603016702, 7)","(0.05057398487423379, 0.9839948356327152, 0.49625550757782466, 0.39836461158230907, 6)","(0.12201992242919257, 0.6172776828675018, 0.36416110783429023, 0.1601376868570419, 6)","(0.16510194131340575, 0.837141557683923, 0.40030990230485936, 0.2094112460099372, 7)","(0.28777451759634026, 0.7461573901626148, 0.509553790765199, 0.1715687128603208, 6)","(0.31239399369202553, 0.7145822491521745, 0.3669632359072943, 0.17719475162818654, 6)","(0.24493309874295613, 0.9146912192286945, 0.5132869061503263, 0.3097710047660142, 6)","(0.10621255679580059, 0.6175637907926896, 0.21396401870846343, 0.18623122944935647, 6)"
3Y7LTZE0YTKREVN1UH3ASKLSPZVUZE,3Y7LTZE0YTKREVN1UH3ASKLSPZVUZE,"(0.19222996094087996, 0.5100323429521268, 0.3415382204754808, 0.10332523077418329, 6)","(0.5652855529491947, 0.8931539818068694, 0.7236159291004283, 0.1397049884048375, 6)","(0.21763007183473534, 0.4975307887399217, 0.4049013604806925, 0.11357841532605871, 6)","(0.5578717886362675, 0.7327515569217301, 0.6586886274899678, 0.06219127800054819, 6)","(0.07321432418079293, 0.5811117076371678, 0.25882947475465445, 0.19829894909869594, 6)","(0.24452946438904896, 0.5244170130469203, 0.38101762913966325, 0.09653428632478699, 6)","(0.04859223278648545, 0.860789505997226, 0.4281365035065595, 0.27750433963992616, 6)","(0.30277029197532096, 0.5717839436314244, 0.43810840695368103, 0.11785853038526498, 6)","(0.04836732182673403, 0.572616438025414, 0.4576226754615061, 0.19597447256296482, 6)","(0.19940128816652244, 0.808024002452302, 0.5804958446701425, 0.22520145536472508, 6)"
3OYHVNTV5TW1CV4IYUOR6Z5Q34UKO5,3OYHVNTV5TW1CV4IYUOR6Z5Q34UKO5,"(0.4439676719371132, 0.7795149903947967, 0.5639503296872997, 0.12366576162640448, 7)","(0.09630141125179909, 0.6355653131400284, 0.45199537562763503, 0.18765798875926784, 6)","(0.37684787447900675, 0.5808887714840403, 0.44096907775104877, 0.09207552786261759, 6)","(0.1434341983458405, 0.9249785207738594, 0.7084738465237976, 0.27624492603255496, 6)","(0.11229777908112604, 0.320496010167845, 0.2877074585846435, 0.08457743768695394, 6)","(0.15364466883344507, 0.7964989497678637, 0.4933450399093309, 0.22737784329969762, 7)","(0.07071067811865477, 0.7506238537503395, 0.4880844314025915, 0.27467839637870317, 6)","(0.07875251351368047, 0.6882751165753284, 0.20513145767602353, 0.23628324980966126, 6)","(0.26938727429070874, 0.9105801434189359, 0.44541243285346066, 0.23848717400323735, 6)","(0.3570076048994532, 0.7998811869844142, 0.6892146754069327, 0.17454819800281351, 7)"
3SBX2M1TKDLJJ5SVSFTFONBULJN4Q8,3SBX2M1TKDLJJ5SVSFTFONBULJN4Q8,"(0.141777136045218, 0.39388950604841483, 0.1944130841813964, 0.09056799305864856, 7)","(0.2750306373368487, 0.7074547256010839, 0.3955321801065699, 0.15266502344823815, 7)","(0.0842816865856957, 0.3893836266662746, 0.20205155046766235, 0.11808134022721968, 7)","(0.388074202646723, 0.7730551756939454, 0.49684137124218175, 0.14366810081177603, 7)","(0.16307296115151848, 0.6752988063910875, 0.4089742418731246, 0.19683272667915916, 7)","(0.022464515005752316, 0.5545278579522714, 0.26591479484724945, 0.19484877375244114, 7)","(0.0548507609904441, 0.7579461971455846, 0.32774568052975916, 0.23696631264434115, 7)","(0.11049242396268807, 0.8351146294620021, 0.39920397615494657, 0.28401607842600846, 7)","(0.03889851495052567, 0.8408964152537145, 0.5592819942096786, 0.26440918521791457, 7)","(0.223606797749979, 0.5969491792019646, 0.4832643859911088, 0.1296666457402007, 7)"
356ZPKYPUHFEH050H92X47PRBOZPYM,356ZPKYPUHFEH050H92X47PRBOZPYM,"(0.13380161378318955, 0.9306048591020996, 0.7931762520154864, 0.2698697128393673, 10)","(0, 1.0, 0.4203764243173256, 0.3514550741224571, 10)","(0.11362193664674995, 1.0, 0.1944130841813964, 0.4169933477770116, 11)","(0.3124512349209402, 0.7232241912229858, 0.5620431088706304, 0.1484805664009655, 10)","(0.12039217537411316, 0.9426151476815119, 0.7453291195377401, 0.30685524549339555, 10)","(0.4093916105916506, 1.0, 0.6502996473746272, 0.21318815506379762, 10)","(0.3444187215291248, 0.8028096826991373, 0.5807732735261104, 0.17291014661579085, 10)","(0.09149272309346637, 1.0, 0.5867184880615486, 0.3388953579919616, 10)","(0.11088337922065497, 0.861173529963367, 0.4781193825928187, 0.22730983702651525, 10)","(0.14601394329159476, 1.0, 0.5041073729742581, 0.25047183186994204, 10)"
371Q3BEXDH7BZIVX5C8ADJ3442AZS3,371Q3BEXDH7BZIVX5C8ADJ3442AZS3,"(0.11365352023191169, 0.7863431447405107, 0.5706745777055999, 0.2133178788852332, 7)","(0.30821270975929677, 0.6034148992419806, 0.4948954591792826, 0.11516330982788262, 9)","(0.3052252328868173, 0.5009638274912195, 0.4276317620421745, 0.0685454490415509, 8)","(0.31425946437658386, 0.7201585366033398, 0.513528176802433, 0.1435635056438359, 6)","(0.372818856514038, 1.0, 0.5803072371246385, 0.21147310968758057, 8)","(0.12919925124488807, 0.6149084753655015, 0.3835961503992862, 0.16345589294821555, 8)","(0.3470398528533739, 0.7364676379282094, 0.5450176720923848, 0.1369036249813021, 7)","(0.0873968009313821, 0.8891397050194614, 0.6134687480118207, 0.2525933403463399, 8)","(0.3598105144545827, 0.9457416090031758, 0.5405979439912483, 0.2104672880034111, 8)","(0.2851849304157531, 0.9709835434146469, 0.3400605745694346, 0.24085119677376007, 7)"
3NRZ1LDP7W4EMQF5DV4GIEYTHI3PZD,3NRZ1LDP7W4EMQF5DV4GIEYTHI3PZD,"(0.07040115660313674, 0.94149097734812, 0.3638074228571147, 0.24082698146166887, 9)","(0.2175013373801684, 0.6854717309264947, 0.4366835442847812, 0.1394307520719549, 11)","(0.04659202459717758, 0.7046606871094899, 0.5652014100236957, 0.23793565416454027, 9)","(0.10580331550093845, 0.7890230278801613, 0.4181947392924682, 0.22708282442771274, 10)","(0.16653831334339092, 0.7348889200874658, 0.5607900239988007, 0.18188086780987822, 11)","(0.06977154325438402, 0.9036020036098449, 0.6992836274641536, 0.3104919680178398, 10)","(0.08034284189446518, 1.0, 0.3837779774973033, 0.2805194764276338, 9)","(0.22848179297005913, 0.7181651804404247, 0.6042750794713536, 0.18040753891185654, 9)","(0.05757575636202255, 1.0, 0.38708652672323934, 0.319087097038388, 9)","(0.1086431872252904, 0.723888207144175, 0.5773725196592597, 0.2172479948601517, 9)"
3YO4AH2FPDI2KHAU9E6DCKLH476Q0D,3YO4AH2FPDI2KHAU9E6DCKLH476Q0D,"(0.25164268751713875, 0.5756446367610886, 0.27267302554490347, 0.11504708635687771, 7)","(0.060713336587447424, 0.8694417438899827, 0.286122396488242, 0.2747474058295441, 7)","(0.05407183086329326, 0.6356563527098296, 0.37693318243568263, 0.21167309499739032, 7)","(0.427287006396234, 0.8408964152537145, 0.5157839615219013, 0.14228663256474047, 7)","(0.216488766343441, 0.6953802170514382, 0.34563804662365794, 0.20394331119101503, 7)","(0.04255682066145875, 0.4505546423412898, 0.1838908187931421, 0.1580955895835572, 7)","(0.31823566221963034, 0.9671682101338347, 0.4166760762362751, 0.23856113730871217, 7)","(0.15379367945258124, 0.7560313170397414, 0.3303164318013807, 0.24084585523090993, 7)","(0.19251614434393563, 0.9210500207490827, 0.5952238834431677, 0.26765451803177276, 7)","(0.03715770152515524, 0.8203712856696211, 0.5735061827197733, 0.29971664329872183, 7)"
3EAWOID6MTVUPP6BVD0NI7KPLZLV0C,3EAWOID6MTVUPP6BVD0NI7KPLZLV0C,"(0.423517927650153, 1.0, 0.8533575342460036, 0.2429808593673339, 7)","(0.04594899010019892, 0.3936932246683079, 0.1631799163304947, 0.13383287596168011, 7)","(0.12251480796343198, 1.0, 0.5936840776302412, 0.3045951925239796, 7)","(0.10064528918491783, 1.0, 0.6081027676003175, 0.27783141153045715, 7)","(0.02734470381093783, 0.7545031759729782, 0.22351937337715, 0.2490987463912622, 7)","(0.3430724116558217, 0.48644841037855624, 0.3948722158463949, 0.049163583285894215, 7)","(0.16348126556655487, 0.5623413251903491, 0.2466045289287826, 0.13272277268411994, 7)","(0.27771864776302796, 1.0, 0.49182058689264907, 0.27999955694909234, 7)","(0.0076464605606061916, 0.7781581271306612, 0.6481388934544839, 0.31311508075846806, 7)","(0.02985931495407865, 0.785629301801026, 0.2533654946448647, 0.2526746178220356, 7)"
36BTXXLZ2V6JV67V5UIFTDLZH5P4R9,36BTXXLZ2V6JV67V5UIFTDLZH5P4R9,"(0.05662604395295541, 0.4574961760905828, 0.22626645763911546, 0.15867057189889736, 9)","(0.02728026063693796, 0.9157278938396898, 0.43134657279938793, 0.2916020978376347, 9)","(0.10491622288119919, 1.0, 0.4981569903893584, 0.320487583747368, 9)","(0.12704697476198454, 0.9071112036324318, 0.6985342056580097, 0.2420097026516264, 9)","(0.1856293387426249, 0.8365606501558066, 0.5992432087473365, 0.24127578731343452, 9)","(0.08209568436078464, 1.0, 0.5835928009125936, 0.31628171721400455, 9)","(0.2709512962012512, 0.7122497147741741, 0.6086700968648568, 0.16322149917166323, 9)","(0.24896384700296276, 0.8106735562524036, 0.6326526439886341, 0.2343267122119146, 9)","(0.18016060905785503, 0.7974545591044423, 0.4385068972747104, 0.19742423805970535, 9)","(0.0823481567964712, 0.7457651916617388, 0.35930411196308426, 0.24076816773556092, 9)"
34YWR3PJ288MTEB6VS156SHA1ATX0H,34YWR3PJ288MTEB6VS156SHA1ATX0H,"(0.002130725927060655, 0.7765453555044466, 0.5392558483745358, 0.2496822642845899, 9)","(0.05113154533240717, 0.9036020036098449, 0.42710884149095474, 0.29668628648914375, 10)","(0.19620553716616515, 0.8325322234679667, 0.5320746411699112, 0.21164713629302126, 9)","(0.3784481137591871, 0.9718025939474719, 0.6477349129400435, 0.21948220315040207, 11)","(0.06227190212960362, 1.0, 0.4682568791024402, 0.3533641693771379, 11)","(0.4412739850976206, 1.0, 0.6078607188281693, 0.19045679541940652, 10)","(0.3434734610881772, 0.9457416090031758, 0.7189643350398949, 0.2039508027615263, 11)","(0.05379265013420485, 1.0, 0.5136176349077937, 0.29544874860356934, 10)","(0.09173132546531394, 0.6739857287654524, 0.4458098049135826, 0.19183044672608787, 10)","(0.21606377867584176, 1.0, 0.5986855901715404, 0.2539164537832605, 10)"
3DWGDA5POF2UWERTRW4NWC3ZQRRV1F,3DWGDA5POF2UWERTRW4NWC3ZQRRV1F,"(0.05575974129541795, 0.7714151881987021, 0.6520045678141083, 0.31350302445232253, 7)","(0.24455000565116186, 0.5993418090318328, 0.515479004001011, 0.11671358795858017, 7)","(0.3781135641335251, 0.7558187924350542, 0.5226091855754035, 0.15066245780000992, 7)","(0.18662920030052607, 0.9358088169766215, 0.3207318193985872, 0.2512338457247643, 7)","(0.16672740130258804, 0.5783569866465144, 0.27179933511471877, 0.16248442752460093, 7)","(0.03102016197006999, 0.5706745777055999, 0.1744391898986843, 0.2170232300140165, 7)","(0.30352983568225617, 0.6888074582865503, 0.4824318132207493, 0.14536337112730033, 7)","(0.14916012146371438, 0.8751733190429475, 0.591893511645521, 0.25571211513569464, 7)","(0.31305924157083914, 0.6731821382417487, 0.368692337514863, 0.1285630296829704, 7)","(0.24328221242512443, 0.8905703447300118, 0.6791925497436588, 0.2206505726926937, 7)"
3XAOZ9UYRZP2R6VC5XADQP4R9ZCQ1G,3XAOZ9UYRZP2R6VC5XADQP4R9ZCQ1G,"(0.06891518819218029, 0.668740304976422, 0.13512001548070346, 0.19690583468251074, 9)","(0.0814136751754278, 0.4272870063962341, 0.262573847389014, 0.09750108930071619, 9)","(0.025307989573458558, 0.5095687188543269, 0.31702331385234306, 0.1393827009940175, 9)","(0.0390734160394292, 0.5265953854644483, 0.24791184931115895, 0.18790907078519448, 9)","(0.048650851397028565, 0.6606328636027614, 0.2359661726727615, 0.24334997679010167, 9)","(0.04279677428117006, 0.6915827518474991, 0.21105340631872638, 0.2399326146103704, 9)","(0.07598356856515925, 0.4728708045015879, 0.13512001548070346, 0.16094023471003094, 9)","(0.0892647227570666, 0.4810085130107634, 0.13512001548070346, 0.14412304232205211, 9)","(0.05692994482485313, 0.8408964152537145, 0.5783569866465144, 0.23991718613095542, 9)","(0.3085369537646305, 0.9069800139256777, 0.45186325020759716, 0.17969755777228885, 9)"
338GLSUI4395U14X40E3ARNMSXGSF8,338GLSUI4395U14X40E3ARNMSXGSF8,"(0.2696353921006519, 0.7827269157642462, 0.3850522498829063, 0.19436261179282113, 7)","(0.21266570406782698, 0.9200444146293233, 0.3696438386048141, 0.251137515251675, 7)","(0.11961013580789268, 1.0, 0.32132091693856, 0.33419824999410636, 7)","(0.4227438337657598, 0.7969405445668117, 0.6414981976227608, 0.14904320061333023, 7)","(0.24111167825717356, 0.5900468726392808, 0.4505424999594886, 0.1242991050771441, 7)","(0.09946569163235906, 0.912167909070388, 0.32282528016160017, 0.2533402184752623, 7)","(0.23271981468308064, 0.816496580927726, 0.6828837330059916, 0.2385976804164147, 7)","(0.06199056827318122, 1.0, 0.4933885363281902, 0.38215838721891965, 7)","(0.3877964213566079, 0.9709835434146469, 0.5317277247038459, 0.23818317772070052, 7)","(0.2624599192797135, 0.9036020036098448, 0.4092316581663999, 0.22672856227917434, 7)"
3ZG552ORAM21LZ9PA0411VD4IX5V2W,3ZG552ORAM21LZ9PA0411VD4IX5V2W,"(0.10266900960803409, 0.8694417438899827, 0.1803607563513132, 0.25234193104557656, 9)","(0.04532931884180109, 0.20709465045730985, 0.09554427922043669, 0.05988962112979043, 9)","(0.06438885731375318, 0.6622152291011697, 0.10644177427069619, 0.231566771776739, 10)","(0.024066394763145416, 1.0, 0.3237722713145643, 0.43651173643600133, 9)","(0.024066394763145416, 0.7071067811865476, 0.13512001548070346, 0.26944831273452063, 9)","(0.09193227152249189, 0.7598356856515925, 0.24028114141347542, 0.2530163829859031, 9)","(0.07598356856515925, 1.0, 0.29615165360116247, 0.3741361730065962, 9)","(0, 1.0, 0.09681772177713914, 0.2989394280547169, 11)","(0.12209471671615688, 0.6526220818377341, 0.25309796813036245, 0.18798539865108138, 8)","(0.03303164318013808, 0.8091067115702212, 0.15011496360497345, 0.23947314988841573, 10)"
3G4VVJO6PZEJXVGJDU16VZAGD9QKPM,3G4VVJO6PZEJXVGJDU16VZAGD9QKPM,"(0.05653041175801491, 0.7165313105737893, 0.193902326677472, 0.25528775036133233, 6)","(0.08730714748538422, 0.7006129182757614, 0.49733697610284616, 0.2079621129857115, 7)","(0.06891518819218029, 0.832566509783682, 0.3986357128268013, 0.30906036161964007, 7)","(0.1565285203048807, 0.6563878678087159, 0.4711545748407525, 0.1751840722558801, 7)","(0.40902739379830433, 0.7318415031800574, 0.6200208643418742, 0.12268362225638456, 7)","(0.10973459494181498, 0.8826299649208393, 0.6080265981004345, 0.2349574308473683, 8)","(0.19520460918812307, 0.6161954889157968, 0.4135171000263379, 0.16965804585563943, 7)","(0.4280635051469125, 1.0, 0.6246170734320453, 0.19717064558947206, 6)","(0.37458442151082627, 0.7574651283969664, 0.5574861256157237, 0.10903144797285329, 9)","(0.2262036494560661, 0.6939050994182671, 0.6103683022828145, 0.21700381244726158, 7)"
3JUDR1D0D6P9GRD8O1ARV8EW15QQ2X,3JUDR1D0D6P9GRD8O1ARV8EW15QQ2X,"(0.40293516672844226, 1.0, 0.7152521560268823, 0.24902035751319893, 7)","(0.1367440667823257, 0.5241233802053494, 0.3993987573674004, 0.12338332041881504, 7)","(0.21821453772891453, 0.6147881529512643, 0.2897335015616832, 0.172967649964449, 7)","(0.06803976008251886, 0.4366835442847812, 0.24351580099223152, 0.12407908482616457, 7)","(0.29526575339885425, 0.7259795291154771, 0.41944354523254873, 0.13834557248704446, 7)","(0.05291201132535048, 0.1429824753915369, 0.07660521778217384, 0.028785455282487646, 7)","(0.10251533178063973, 0.39933851822617206, 0.2790700240211057, 0.11375222816111544, 7)","(0.3355852894890405, 0.5526961999502462, 0.38230839360373486, 0.09308199132536166, 7)","(0.11392443929712959, 0.4147926680255282, 0.30459952219315845, 0.09976888847170863, 7)","(0.07050825340223643, 0.3940364841636237, 0.18430494031451755, 0.12600472914324873, 7)"
351S7I5UG9UOJQYOFUO2QV58Y5PNJU,351S7I5UG9UOJQYOFUO2QV58Y5PNJU,"(0.17080924338086442, 0.7845392415165645, 0.5075843040224012, 0.20058380926105873, 9)","(0.23516534545165993, 0.7186082239261684, 0.47511561021837345, 0.143225174721909, 9)","(0.2659147948472494, 0.9306048591020996, 0.6596924585662963, 0.2166461330883945, 9)","(0.3809831330255983, 0.8093730841862444, 0.5252244538058568, 0.17094929809415857, 9)","(0.08708269033901145, 0.6345814629568174, 0.4873530279523785, 0.1683651761147704, 9)","(0.08956218700268731, 0.5773502691896258, 0.313804386176271, 0.15512173569260707, 9)","(0.08466648745052725, 0.8028096826991373, 0.5035337887555859, 0.25145645243096165, 9)","(0.08291705932865436, 0.6164888279872118, 0.5403120432311047, 0.21217498734415954, 9)","(0.012020365629417109, 0.8705691816929692, 0.67536511055499, 0.3092036261575842, 9)","(0.19544337264599412, 0.855129833582408, 0.4031866206826121, 0.2612927064381687, 9)"
3J5XXLQDHM9Q6H58E0I6K5IWOB5V37,3J5XXLQDHM9Q6H58E0I6K5IWOB5V37,"(0.09501700989330461, 0.6349140169292883, 0.5595642461260144, 0.1845199521482269, 7)","(0.5463808546956105, 0.949703619317748, 0.6343716092452921, 0.15532711089300352, 8)","(0, 0.912167909070388, 0.30923816837387136, 0.3063281314271977, 7)","(0.173866729049579, 0.8653642791599412, 0.40143755335100895, 0.2454705561809238, 8)","(0.18858494566078707, 0.3995703867986831, 0.26475080727861555, 0.06862757250589964, 7)","(0.22733545658242518, 0.6228526712505164, 0.443938745747923, 0.15255100942255498, 8)","(0.264003621707466, 0.8940387317591186, 0.43761878717348107, 0.22137061337188396, 8)","(0.48281786389360865, 0.7334857907346545, 0.5470503887814369, 0.09364877060739679, 7)","(0.041956013830711146, 0.8228020420406904, 0.3255810418094022, 0.296794876028666, 7)","(0.19755395479699314, 0.5756857388225824, 0.39433706774546085, 0.12665249869309678, 7)"
